{
  "AWSTemplateFormatVersion": "2010-09-09",
  "Description": "The AWS CloudFormation template for this Serverless application",
  "Resources": {
    "ServerlessDeploymentBucket": {
      "Type": "AWS::S3::Bucket"
    },
    "PostprocessLogGroup": {
      "Type": "AWS::Logs::LogGroup",
      "Properties": {
        "LogGroupName": "/aws/lambda/aws-nodejs-dev-postprocess"
      }
    },
    "IamRoleLambdaExecution": {
      "Type": "AWS::IAM::Role",
      "Properties": {
        "AssumeRolePolicyDocument": {
          "Version": "2012-10-17",
          "Statement": [
            {
              "Effect": "Allow",
              "Principal": {
                "Service": [
                  "lambda.amazonaws.com"
                ]
              },
              "Action": [
                "sts:AssumeRole"
              ]
            }
          ]
        },
        "Policies": [
          {
            "PolicyName": {
              "Fn::Join": [
                "-",
                [
                  "dev",
                  "aws-nodejs",
                  "lambda"
                ]
              ]
            },
            "PolicyDocument": {
              "Version": "2012-10-17",
              "Statement": [
                {
                  "Effect": "Allow",
                  "Action": [
                    "logs:CreateLogStream"
                  ],
                  "Resource": [
                    {
                      "Fn::Sub": "arn:aws:logs:${AWS::Region}:${AWS::AccountId}:log-group:/aws/lambda/aws-nodejs-dev-postprocess:*"
                    }
                  ]
                },
                {
                  "Effect": "Allow",
                  "Action": [
                    "logs:PutLogEvents"
                  ],
                  "Resource": [
                    {
                      "Fn::Sub": "arn:aws:logs:${AWS::Region}:${AWS::AccountId}:log-group:/aws/lambda/aws-nodejs-dev-postprocess:*:*"
                    }
                  ]
                },
                {
                  "Effect": "Allow",
                  "Action": [
                    "s3:*"
                  ],
                  "Resource": "*"
                }
              ]
            }
          }
        ],
        "Path": "/",
        "RoleName": {
          "Fn::Join": [
            "-",
            [
              "aws-nodejs",
              "dev",
              "us-west-2",
              "lambdaRole"
            ]
          ]
        }
      }
    },
    "PostprocessLambdaFunction": {
      "Type": "AWS::Lambda::Function",
      "Properties": {
        "Code": {
          "S3Bucket": {
            "Ref": "ServerlessDeploymentBucket"
          },
          "S3Key": "serverless/aws-nodejs/dev/1512668642891-2017-12-07T17:44:02.891Z/aws-nodejs.zip"
        },
        "FunctionName": "aws-nodejs-dev-postprocess",
        "Handler": "handler.postprocess",
        "MemorySize": 1024,
        "Role": {
          "Fn::GetAtt": [
            "IamRoleLambdaExecution",
            "Arn"
          ]
        },
        "Runtime": "nodejs6.10",
        "Timeout": 6,
        "Environment": {
          "Variables": {
            "TWILIO_ACCOUNT_SID": "AC4fb0536c4b34b04c8e6f3770e03e26fb",
            "TWILIO_AUTH_TOKEN": "a04c9ea8e6aa4578e236240df63eeed3",
            "TWILIO_PHONE_NUMBER": "+16046708373"
          }
        }
      },
      "DependsOn": [
        "PostprocessLogGroup",
        "IamRoleLambdaExecution"
      ]
    },
    "PostprocessLambdaVersioniWmuBRKuok5wjHTRDQ9wqEZfgHU6Oc4z2t8T6E7vM": {
      "Type": "AWS::Lambda::Version",
      "DeletionPolicy": "Retain",
      "Properties": {
        "FunctionName": {
          "Ref": "PostprocessLambdaFunction"
        },
        "CodeSha256": "iWmuBRK/uok5w+jHTRDQ9wqEZfgHU6Oc4z2t8T6E7vM="
      }
    }
  },
  "Outputs": {
    "ServerlessDeploymentBucketName": {
      "Value": {
        "Ref": "ServerlessDeploymentBucket"
      }
    },
    "PostprocessLambdaFunctionQualifiedArn": {
      "Description": "Current Lambda function version",
      "Value": {
        "Ref": "PostprocessLambdaVersioniWmuBRKuok5wjHTRDQ9wqEZfgHU6Oc4z2t8T6E7vM"
      }
    }
  }
}